Id,area_m2,date
1,101.46130432400,2014-11-06
1,55.79364725590,2014-11-06
1,16.37191690610,2014-11-06
1,43.02728978430,2014-11-06
2,44.50967055820,2014-11-27
2,153.59153701300,2014-11-27
2,22.25026851490,2014-11-27
2,21.28516731550,2014-11-27
2,107.74440584300,2014-11-27
2,37.11888413330,2014-11-27
2,34.59934720920,2014-11-27
2,18.83343049800,2014-11-27
3,134.71613846000,2014-12-17
3,129.45109999800,2014-12-17
3,61.29464543960,2014-12-17
3,26.48134776680,2014-12-17
3,84.93529322080,2014-12-17
3,24.18274606010,2014-12-17
3,62.88130016120,2014-12-17
3,19.91470974200,2014-12-17
3,23.60586233230,2014-12-17
4,53.06657562410,2015-01-10
4,63.18069854430,2015-01-10
4,118.26391120000,2015-01-10
4,27.19574492600,2015-01-10
4,28.99114657080,2015-01-10
4,16.59232495160,2015-01-10
4,20.99109541360,2015-01-10
5,84.92995651930,2015-02-11
5,135.52850736100,2015-02-11
5,81.35079413740,2015-02-11
5,72.75157377960,2015-02-11
5,64.41545140920,2015-02-11
5,29.39677648950,2015-02-11
5,12.90494160300,2015-02-11
5,54.46299663450,2015-02-11
5,30.89525465560,2015-02-11
5,35.02465778290,2015-02-11
6,405.12281398600,2015-02-25
6,35.67033292650,2015-02-25
6,46.52372949900,2015-02-25
6,62.69130998520,2015-02-25
6,62.98945730210,2015-02-25
6,54.28798018470,2015-02-25
7,67.57232000950,2015-04-01
7,62.61670212810,2015-04-01
7,44.51637368560,2015-04-01
7,33.43189707300,2015-04-01
7,38.59879752370,2015-04-01
8,19.52522248730,2015-04-22
8,32.95814628890,2015-04-22
9,27.97142941960,2015-05-20
9,61.14681324570,2015-05-20
9,19.66801683760,2015-05-20
9,11.98455891710,2015-05-20
9,14.01445828820,2015-05-20
9,32.27869288750,2015-05-20
10,28.89541435110,2015-06-10
10,137.30489285900,2015-06-10
10,272.53767976200,2015-06-10
10,33.85010777970,2015-06-10
10,67.10817913330,2015-06-10
10,57.00126207140,2015-06-10
10,55.94517237560,2015-06-10
10,51.20953154420,2015-06-10
10,41.75878052380,2015-06-10
10,45.07992527620,2015-06-10
10,13.03131997760,2015-06-10
10,22.65174501060,2015-06-10
10,23.20299021480,2015-06-10
11,65.62439002200,2015-06-29
11,39.39334996170,2015-06-29
11,24.09279012600,2015-06-29
11,66.94669120470,2015-06-29
11,13.34921788950,2015-06-29
11,14.85629299910,2015-06-29
11,7.92151282713,2015-06-29
11,36.41719102590,2015-06-29
12,35.99984701300,2015-07-14
12,95.85934170030,2015-07-14
12,30.81807718930,2015-07-14
12,19.26713111720,2015-07-14
12,21.95932931350,2015-07-14
12,25.58427477140,2015-07-14
12,7.47873578181,2015-07-14
13,42.79109976600,2015-08-19
13,37.33510382050,2015-08-19
13,486.74948854600,2015-08-19
13,356.61831858800,2015-08-19
13,82.03852222060,2015-08-19
13,37.02434175400,2015-08-19
13,18.51018931850,2015-08-19
13,45.65867588060,2015-08-19
13,53.66663145910,2015-08-19
13,28.31435509870,2015-08-19
13,19.45696748110,2015-08-19
13,27.45839119960,2015-08-19
14,36.42878401700,2015-09-24
14,28.36552285590,2015-09-24
14,59.44971487460,2015-09-24
14,45.05709066400,2015-09-24
14,181.79388518300,2015-09-24
14,43.48862024710,2015-09-24
14,259.06853006800,2015-09-24
14,40.94325225110,2015-09-24
14,27.25856978410,2015-09-24
14,66.96396961920,2015-09-24
14,68.49575821190,2015-09-24
14,16.64569861400,2015-09-24
14,46.46324854350,2015-09-24
14,20.79957712980,2015-09-24
14,80.34917503940,2015-09-24
14,33.63834916060,2015-09-24
14,22.03521432330,2015-09-24
14,35.87278274880,2015-09-24
14,17.49427462390,2015-09-24
14,45.56725343530,2015-09-24
14,50.86417229870,2015-09-24
15,104.96042227700,2016-05-18
15,318.26249146400,2016-05-18
15,63.96583669230,2016-05-18
15,31.02107052050,2016-05-18
15,30.95495330120,2016-05-18
15,33.34577948240,2016-05-18
15,96.40981395460,2016-05-18
15,133.95717200900,2016-05-18
15,92.51153877980,2016-05-18
15,126.29289803000,2016-05-18
15,53.49749514660,2016-05-18
15,39.34782362010,2016-05-18
15,46.14305779820,2016-05-18
15,17.37683904100,2016-05-18
15,57.46673171140,2016-05-18
15,32.36223552970,2016-05-18
15,17.63263385280,2016-05-18
15,716.02953406700,2016-05-18
15,49.03012023240,2016-05-18
15,17.63615339010,2016-05-18
15,47.31052249740,2016-05-18
15,15.28228114540,2016-05-18
15,17.96593615780,2016-05-18
15,16.20273116320,2016-05-18
15,35.97789453280,2016-05-18
15,8.62435045420,2016-05-18
15,196.97162991500,2016-05-18
15,26.16372584460,2016-05-18
15,68.95968757780,2016-05-18
15,35.07511495000,2016-05-18
15,33.13657430670,2016-05-18
15,61.19951675510,2016-05-18
15,16.39172231270,2016-05-18
15,57.49933907280,2016-05-18
15,22.17746371210,2016-05-18
15,46.30333101720,2016-05-18
15,346.35205923000,2016-05-18
15,25.11126984470,2016-05-18
15,7.44163697337,2016-05-18
15,43.39586412390,2016-05-18
15,175.97801704300,2016-05-18
15,10.17833343950,2016-05-18
15,9.99309442280,2016-05-18
15,13.14896782910,2016-05-18
15,68.15307856740,2016-05-18
15,51.56540330580,2016-05-18
15,54.62861787880,2016-05-18
15,34.93930599030,2016-05-18
15,11.15033592100,2016-05-18
15,30.91533152490,2016-05-18
15,23.94845559720,2016-05-18
15,15.97340331590,2016-05-18
15,50.14630521660,2016-05-18
15,45.31962893370,2016-05-18
15,27.17054325520,2016-05-18
15,10.27711578880,2016-05-18
15,25.92131080410,2016-05-18
15,65.42036774110,2016-05-18
15,9.34736249691,2016-05-18
15,13.49199045910,2016-05-18
15,63.74231855510,2016-05-18
15,23.43022084910,2016-05-18
15,22.72962515110,2016-05-18
15,8.66330511096,2016-05-18
15,3.45962833318,2016-05-18
15,9.59089044474,2016-05-18
15,59.78566136660,2016-05-18
15,63.68091249630,2016-05-18
15,91.45270150660,2016-05-18
15,13.96302886860,2016-05-18
15,19.19979786380,2016-05-18
15,15.14085637410,2016-05-18
15,56.11303072530,2016-05-18
15,14.93078230570,2016-05-18
15,30.01146536180,2016-05-18
15,85.28737270560,2016-05-18
15,23.96741184970,2016-05-18
15,56.25288881230,2016-05-18
15,23.41864562130,2016-05-18
15,145.07118290000,2016-05-18
15,11.54822467750,2016-05-18
15,18.96281124770,2016-05-18
15,38.69567435980,2016-05-18
15,89.00758449330,2016-05-18
15,15.96158410160,2016-05-18
15,12.76534250640,2016-05-18
15,19.67509605590,2016-05-18
15,25.50793352650,2016-05-18
15,26.07989627020,2016-05-18
15,6.42049285730,2016-05-18
15,10.90847741800,2016-05-18
15,46.02313752520,2016-05-18
15,30.98555988870,2016-05-18
15,40.50364193320,2016-05-18
15,28.74322786890,2016-05-18
15,15.65810843650,2016-05-18
15,10.33781563180,2016-05-18
15,7.01358789664,2016-05-18
15,4.89962337488,2016-05-18
15,8.35842813067,2016-05-18
15,31.06420023850,2016-05-18
15,59.61589464990,2016-05-18
15,79.10075449780,2016-05-18
15,30.21364411240,2016-05-18
15,24.72116909790,2016-05-18
15,15.68358805300,2016-05-18
15,24.24445013620,2016-05-18
15,22.21526620770,2016-05-18
15,5.54256808758,2016-05-18
15,19.30583685400,2016-05-18
15,99.15542330730,2016-05-18
15,24.76209270700,2016-05-18
15,15.92325093280,2016-05-18
15,7.54628368075,2016-05-18
15,65.00686025380,2016-05-18
15,15.18181449960,2016-05-18
15,15.85184621810,2016-05-18
15,31.37327063430,2016-05-18
15,8.74291324226,2016-05-18
15,7.20823880860,2016-05-18
15,9.70264037376,2016-05-18
15,22.77525932180,2016-05-18
15,17.37731583490,2016-05-18
15,25.53452361710,2016-05-18
15,17.13004308020,2016-05-18
15,13.15713504120,2016-05-18
15,9.25876047097,2016-05-18
15,26.83977141940,2016-05-18
15,6.45136328503,2016-05-18
15,11.65033362910,2016-05-18
15,5.72298695084,2016-05-18
15,28.93366795510,2016-05-18
15,7.40473870635,2016-05-18
15,13.58898570630,2016-05-18
15,12.22065406270,2016-05-18
15,26.84768549660,2016-05-18
15,7.58487560021,2016-05-18
15,13.39669668260,2016-05-18
15,28.50229365200,2016-05-18
15,20.71649365080,2016-05-18
15,20.95884616210,2016-05-18
15,16.99479363870,2016-05-18
15,41.99153738610,2016-05-18
15,6.98296087181,2016-05-18
15,11.93889924020,2016-05-18
15,28.04581102290,2016-05-18
15,28.43749960050,2016-05-18
15,10.74918677580,2016-05-18
16,126.00140290400,2016-06-01
16,122.54139898300,2016-06-01
16,323.80579485600,2016-06-01
16,28.22052682900,2016-06-01
16,41.05342015570,2016-06-01
16,6.32386737296,2016-06-01
16,43.33146046240,2016-06-01
16,23.40800436690,2016-06-01
16,39.65393808430,2016-06-01
16,17.95270670290,2016-06-01
16,25.67853478080,2016-06-01
16,10.72654545430,2016-06-01
16,14.24151721250,2016-06-01
16,17.76017216760,2016-06-01
16,21.30380604850,2016-06-01
16,8.05126055263,2016-06-01
16,5.68132790747,2016-06-01
16,19.89708622970,2016-06-01
16,6.89577506362,2016-06-01
16,7.93239853813,2016-06-01
16,34.72680929680,2016-06-01
16,16.19911156520,2016-06-01
16,39.26419143280,2016-06-01
16,26.33676540250,2016-06-01
16,94.80056245700,2016-06-01
16,7.97610918576,2016-06-01
17,120.48399625500,2016-07-13
17,139.40450469000,2016-07-13
17,65.67957983360,2016-07-13
17,31.03597491760,2016-07-13
17,146.00534492500,2016-07-13
17,50.32736514870,2016-07-13
17,68.11056677150,2016-07-13
17,175.37483068800,2016-07-13
17,107.13411617000,2016-07-13
17,28.36220537220,2016-07-13
17,447.53779966300,2016-07-13
17,90.75975633200,2016-07-13
17,79.02260353480,2016-07-13
17,25.51617712060,2016-07-13
17,44.95541462920,2016-07-13
17,56.57034032930,2016-07-13
17,38.17104159460,2016-07-13
17,27.19486533900,2016-07-13
17,28.17256068580,2016-07-13
17,280.68662117200,2016-07-13
17,58.75959397020,2016-07-13
17,102.05111944400,2016-07-13
17,71.21657070180,2016-07-13
17,30.28142240280,2016-07-13
17,57.16204068900,2016-07-13
17,30.30975646580,2016-07-13
17,56.34601746830,2016-07-13
17,420.66556583400,2016-07-13
17,82.38477267030,2016-07-13
17,93.73759031200,2016-07-13
17,312.41688818700,2016-07-13
17,19.84446932960,2016-07-13
17,48.46949593680,2016-07-13
17,112.73851515300,2016-07-13
17,311.37807713600,2016-07-13
17,237.52044320600,2016-07-13
17,94.70659442830,2016-07-13
17,46.81848406900,2016-07-13
17,85.24489222040,2016-07-13
17,159.27698856500,2016-07-13
17,202.88426481700,2016-07-13
17,404.10710420000,2016-07-13
17,107.55084129700,2016-07-13
17,16.77992486390,2016-07-13
17,126.92542540900,2016-07-13
17,45.53527306540,2016-07-13
17,23.84457999150,2016-07-13
17,15.59742942550,2016-07-13
17,9.25482956719,2016-07-13
17,73.26993645730,2016-07-13
17,30.83083692890,2016-07-13
17,10.57616676180,2016-07-13
17,21.94168815150,2016-07-13
17,86.45451841730,2016-07-13
17,110.31287196000,2016-07-13
17,38.99162741710,2016-07-13
17,41.84372167590,2016-07-13
17,12.55357853250,2016-07-13
17,112.92691583000,2016-07-13
17,194.18395842000,2016-07-13
17,70.22171797380,2016-07-13
17,24.82704425760,2016-07-13
17,26.84607183740,2016-07-13
17,11.21751118990,2016-07-13
17,15.08063778820,2016-07-13
17,41.40230753870,2016-07-13
17,7.49255757353,2016-07-13
17,7.56785977231,2016-07-13
17,20.29125030570,2016-07-13
17,37.59388119210,2016-07-13
17,93.78539914190,2016-07-13
17,7.89652117017,2016-07-13
17,88.32678955890,2016-07-13
17,9.46724983401,2016-07-13
17,11.34599883050,2016-07-13
17,56.39712219640,2016-07-13
17,52.36958139520,2016-07-13
17,16.95336891780,2016-07-13
17,9.69373068994,2016-07-13
17,8.78137956625,2016-07-13
17,19.68823333280,2016-07-13
17,39.15871043770,2016-07-13
17,8.89198687003,2016-07-13
17,52.17196667640,2016-07-13
17,21.44606849500,2016-07-13
17,40.71515385960,2016-07-13
17,14.39723771520,2016-07-13
17,17.88486790220,2016-07-13
17,22.94737452250,2016-07-13
17,20.25583688310,2016-07-13
17,5.63572195654,2016-07-13
17,33.24332020670,2016-07-13
17,39.23644182030,2016-07-13
17,38.47535354520,2016-07-13
17,11.03604462930,2016-07-13
17,4.56573812851,2016-07-13
17,40.76159614480,2016-07-13
17,2.65022491717,2016-07-13
17,26.39126455090,2016-07-13
17,49.00271678920,2016-07-13
17,75.66939417820,2016-07-13
17,56.95575908690,2016-07-13
17,25.09557243860,2016-07-13
17,32.83575465910,2016-07-13
17,74.31985205260,2016-07-13
17,7.52604454351,2016-07-13
17,52.01938328110,2016-07-13
17,16.11531815350,2016-07-13
17,33.96099143010,2016-07-13
17,24.99529968540,2016-07-13
17,9.69657964492,2016-07-13
17,21.74408511460,2016-07-13
17,49.93079543520,2016-07-13
17,28.89154051800,2016-07-13
17,18.04979128860,2016-07-13
17,37.39121782530,2016-07-13
17,72.36071331180,2016-07-13
17,24.45567658710,2016-07-13
17,12.07482770490,2016-07-13
17,17.62615221830,2016-07-13
17,31.84288288600,2016-07-13
17,7.77200044587,2016-07-13
17,9.09622534629,2016-07-13
17,9.42655965317,2016-07-13
17,30.25708941080,2016-07-13
17,65.85292664740,2016-07-13
17,15.08818332200,2016-07-13
17,137.07804467600,2016-07-13
17,84.19597444360,2016-07-13
17,9.60442243599,2016-07-13
17,13.35615040050,2016-07-13
17,7.17995387948,2016-07-13
17,31.80051060290,2016-07-13
17,333.34637986800,2016-07-13
17,40.60904382600,2016-07-13
17,28.07815315370,2016-07-13
17,11.30662123880,2016-07-13
17,41.03743889530,2016-07-13
17,34.23817084070,2016-07-13
17,11.96918580030,2016-07-13
17,100.25306498900,2016-07-13
17,121.00488629700,2016-07-13
17,48.10405161430,2016-07-13
17,53.15415818790,2016-07-13
17,71.41464066700,2016-07-13
17,58.27553040560,2016-07-13
17,116.48038579400,2016-07-13
17,9.63139721095,2016-07-13
17,17.25400883800,2016-07-13
17,27.75648193310,2016-07-13
17,90.27073293650,2016-07-13
17,35.19967651580,2016-07-13
17,41.57180624950,2016-07-13
17,38.22830433710,2016-07-13
17,14.25349755600,2016-07-13
17,13.66759589540,2016-07-13
17,62.96439541320,2016-07-13
17,31.98769581960,2016-07-13
17,25.17583161220,2016-07-13
17,13.30017782080,2016-07-13
17,8.34126052532,2016-07-13
17,20.93426310080,2016-07-13
17,181.73733962200,2016-07-13
17,24.52877516060,2016-07-13
17,211.17666054400,2016-07-13
17,5.52890657642,2016-07-13
17,13.14861781190,2016-07-13
17,52.92719909110,2016-07-13
17,9.16058060030,2016-07-13
17,5.78238163753,2016-07-13
17,21.44451534290,2016-07-13
17,23.08942006170,2016-07-13
17,13.81073650680,2016-07-13
17,9.42830976989,2016-07-13
17,29.22388529960,2016-07-13
17,13.98359118450,2016-07-13
17,7.03893656771,2016-07-13
17,16.09605033240,2016-07-13
17,23.79115771060,2016-07-13
17,44.50909071120,2016-07-13
17,28.25859006450,2016-07-13
17,7.81391571747,2016-07-13
17,51.36102843390,2016-07-13
17,4.69280872511,2016-07-13
17,10.79066218340,2016-07-13
17,11.10553296310,2016-07-13
17,7.27383006935,2016-07-13
17,12.36456606260,2016-07-13
17,5.00954688391,2016-07-13
17,13.10352108570,2016-07-13
17,7.78838564186,2016-07-13
17,11.14345976660,2016-07-13
17,19.12246207440,2016-07-13
17,6.85059614133,2016-07-13
17,24.49561037530,2016-07-13
17,30.33168938550,2016-07-13
17,9.46914678663,2016-07-13
17,6.51539396205,2016-07-13
17,8.45791704522,2016-07-13
17,57.72047926590,2016-07-13
17,33.57491594930,2016-07-13
17,34.20256039950,2016-07-13
17,17.31818737850,2016-07-13
17,9.72154162102,2016-07-13
17,24.71653128610,2016-07-13
17,15.22162962490,2016-07-13
17,13.73052274620,2016-07-13
17,51.46179646690,2016-07-13
17,32.91917089080,2016-07-13
18,28.57738755890,2016-09-22
18,33.67197129630,2016-09-22
18,157.98155417200,2016-09-22
18,65.36446857480,2016-09-22
18,173.63658109900,2016-09-22
18,80.64996690260,2016-09-22
18,237.63727385600,2016-09-22
18,51.45479601340,2016-09-22
18,162.00658753700,2016-09-22
18,54.47299302460,2016-09-22
18,11.45429429550,2016-09-22
18,49.21169661920,2016-09-22
18,26.22976865860,2016-09-22
18,21.09764245000,2016-09-22
18,73.63288663900,2016-09-22
18,31.80635784150,2016-09-22
18,63.71795193420,2016-09-22
18,41.54599203390,2016-09-22
18,6.65408499640,2016-09-22
18,11.02109572620,2016-09-22
18,40.29542007510,2016-09-22
18,65.58496609860,2016-09-22
18,21.63084430150,2016-09-22
18,42.16553291870,2016-09-22
18,39.23945886220,2016-09-22
18,31.39050926930,2016-09-22
18,6.49795290991,2016-09-22
18,11.30137088700,2016-09-22
18,13.54951559110,2016-09-22
18,12.15248798880,2016-09-22
18,16.20125590810,2016-09-22
18,23.38069242970,2016-09-22
18,8.88445942288,2016-09-22
18,102.82619498100,2016-09-22
18,48.91791608330,2016-09-22
18,9.91994229607,2016-09-22
18,29.75633891140,2016-09-22
18,32.47640795480,2016-09-22
18,51.00392624660,2016-09-22
18,13.96373410180,2016-09-22
18,8.11830309281,2016-09-22
18,23.61310095960,2016-09-22
18,22.07945724430,2016-09-22
18,40.96212167370,2016-09-22
18,27.68030848710,2016-09-22
18,88.75834503040,2016-09-22
18,31.70841775240,2016-09-22
18,22.50228514370,2016-09-22
18,8.51470259278,2016-09-22
18,9.90425368891,2016-09-22
18,23.58487896870,2016-09-22
18,15.06996578850,2016-09-22
18,16.87190502500,2016-09-22
18,8.87536503676,2016-09-22
18,33.41767677280,2016-09-22
18,30.47169862880,2016-09-22
18,34.47942381270,2016-09-22
18,25.33305916610,2016-09-22
18,10.38256025120,2016-09-22
19,31.63358967020,2016-10-20
19,38.13408866900,2016-10-20
19,97.57505852220,2016-10-20
19,43.45803550960,2016-10-20
19,40.61396709680,2016-10-20
20,69.50113724060,2016-12-23
20,87.83729443590,2016-12-23
20,29.26667940450,2016-12-23
20,125.38609798600,2016-12-23
20,203.05341619000,2016-12-23
20,63.49849350990,2016-12-23
20,116.84332302400,2016-12-23
20,143.69511645700,2016-12-23
20,105.12203029100,2016-12-23
20,56.24970684580,2016-12-23
20,37.67730269160,2016-12-23
20,136.33365733600,2016-12-23
20,33.34031080800,2016-12-23
20,82.33657592460,2016-12-23
20,64.24420127410,2016-12-23
20,122.32138340300,2016-12-23
20,26.38146076770,2016-12-23
21,37.09186022080,2017-03-15
21,16.99852189780,2017-03-15
21,18.94822465250,2017-03-15
21,17.86089132110,2017-03-15
21,26.68016088880,2017-03-15
21,48.72877977330,2017-03-15
21,81.51898024050,2017-03-15
21,107.01697982200,2017-03-15
21,174.59833875200,2017-03-15
22,32.39533809280,2017-04-21
22,24.82643854930,2017-04-21
22,16.12721100650,2017-04-21
22,66.22084877020,2017-04-21
22,69.34190639250,2017-04-21
22,55.65029837360,2017-04-21
22,275.72461312800,2017-04-21
22,12.05717834670,2017-04-21
22,68.41497727170,2017-04-21
23,47.35392535440,2017-05-17
23,32.38995541320,2017-05-17
23,56.81434975660,2017-05-17
23,39.19372056090,2017-05-17
24,34.57528196390,2017-06-22
24,33.77213256540,2017-06-22
24,17.96598575100,2017-06-22
24,29.21012786920,2017-06-22
24,28.55488462790,2017-06-22
24,48.76997412770,2017-06-22
24,17.45775220410,2017-06-22
24,35.23691622960,2017-06-22
24,20.10112667070,2017-06-22
24,136.68180375500,2017-06-22
24,53.82425565960,2017-06-22
24,38.39006613980,2017-06-22
24,51.93796684980,2017-06-22
24,16.39773887470,2017-06-22
25,23.22893310020,2017-08-31
25,26.08057352350,2017-08-31
25,18.23531621020,2017-08-31
25,57.75076624300,2017-08-31
25,104.93320354600,2017-08-31
25,11.63616798860,2017-08-31
25,20.06633569930,2017-08-31
25,99.23522759140,2017-08-31
25,27.46810158750,2017-08-31
25,75.23799451730,2017-08-31
25,14.84657987340,2017-08-31
25,165.88896101200,2017-08-31
25,33.76121921990,2017-08-31
25,141.43246921700,2017-08-31
25,276.46412174900,2017-08-31
25,66.05775980730,2017-08-31
25,19.36607816710,2017-08-31
25,63.35810017180,2017-08-31
25,33.09487136330,2017-08-31
25,14.99078938950,2017-08-31
25,69.26266927240,2017-08-31
25,37.37106500020,2017-08-31
26,17.83717725070,2017-09-27
26,13.22107258840,2017-09-27
26,86.91729526330,2017-09-27
27,8.78137956492,2017-10-30
27,20.96638377220,2017-10-30
27,31.97758030170,2017-10-30
27,23.98884361810,2017-10-30
27,20.57575800220,2017-10-30
27,15.00479031460,2017-10-30
27,85.14941987420,2017-10-30
27,34.49842344730,2017-10-30
27,59.65253729880,2017-10-30
27,49.48066571010,2017-10-30
27,61.66349109410,2017-10-30
27,91.28810849850,2017-10-30
27,23.39554410220,2017-10-30
27,21.16799708330,2017-10-30
27,27.03654721570,2017-10-30
27,19.36667651700,2017-10-30
27,45.90622980140,2017-10-30
28,13.45657499880,2017-11-29
28,28.91890864730,2017-11-29
28,60.78597693550,2017-11-29
28,57.44125009170,2017-11-29
28,33.28272916320,2017-11-29
28,52.10723907530,2017-11-29
28,189.61662284700,2017-11-29
28,122.17008957700,2017-11-29
28,37.69173471550,2017-11-29
29,12.50610344230,2018-02-28
29,60.84776371230,2018-02-28
29,42.59317596170,2018-02-28
29,66.78806197770,2018-02-28
29,112.91013371800,2018-02-28
29,63.35954131780,2018-02-28
29,42.85063159170,2018-02-28
29,61.12108202970,2018-02-28
29,93.13179197270,2018-02-28
29,96.20409573380,2018-02-28
29,17.44261961740,2018-02-28
29,39.53993302600,2018-02-28
29,52.71857868860,2018-02-28
29,50.87338950490,2018-02-28
29,112.76710191200,2018-02-28
29,42.71614588680,2018-02-28
29,46.47014319970,2018-02-28
29,88.82003504050,2018-02-28
29,26.73650405640,2018-02-28
29,88.80906338040,2018-02-28
29,6.69664197542,2018-02-28
29,116.99983491000,2018-02-28
30,177.28021898100,2018-04-04
30,54.40710649630,2018-04-04
30,122.81468963800,2018-04-04
30,59.67586878390,2018-04-04
30,139.16844292600,2018-04-04
30,7.13467592422,2018-04-04
30,26.80293625570,2018-04-04
30,48.34528463330,2018-04-04
30,15.39486293170,2018-04-04
31,14.86758125530,2018-05-23
31,13.76430844720,2018-05-23
31,65.68566655770,2018-05-23
31,11.32981422240,2018-05-23
31,13.69864413420,2018-05-23
31,37.51967629810,2018-05-23
31,32.45081150620,2018-05-23
31,12.87804995640,2018-05-23
31,103.35420709400,2018-05-23
31,27.57537373240,2018-05-23
31,7.45893468293,2018-05-23
31,83.66653389510,2018-05-23
31,24.21991890950,2018-05-23
31,75.22237349230,2018-05-23
31,30.69802600610,2018-05-23
31,18.44904817840,2018-05-23
31,161.59587547800,2018-05-23
31,74.67685260670,2018-05-23
31,34.92526903820,2018-05-23
31,44.74125755200,2018-05-23
31,12.72102385560,2018-05-23
32,282.80758823800,2018-07-24
32,152.38946344000,2018-07-24
32,30.79029831690,2018-07-24
32,34.71442911980,2018-07-24
32,133.62219432400,2018-07-24
32,99.54458756400,2018-07-24
32,44.73413173190,2018-07-24
32,74.28441961440,2018-07-24
32,41.67418013080,2018-07-24
32,5.90461109506,2018-07-24
32,56.24855981820,2018-07-24
32,31.85264135960,2018-07-24
32,18.91703549100,2018-07-24
32,53.69666877000,2018-07-24
32,44.61738110210,2018-07-24
32,20.38928250770,2018-07-24
32,113.56319280200,2018-07-24
32,75.69491797190,2018-07-24
32,22.05622387760,2018-07-24
32,29.13973239070,2018-07-24
32,33.85448355560,2018-07-24
32,68.34126781180,2018-07-24
32,31.19255732890,2018-07-24
32,238.64188562600,2018-07-24
32,32.16448655250,2018-07-24
32,21.32760761830,2018-07-24
32,243.50892942400,2018-07-24
32,67.82287656560,2018-07-24
32,98.74761287450,2018-07-24
32,60.25021422360,2018-07-24
32,222.77562784600,2018-07-24
32,18.15305311590,2018-07-24
32,139.63710598200,2018-07-24
32,29.72182236840,2018-07-24
32,40.73838896010,2018-07-24
32,38.30432396820,2018-07-24
32,29.64116060720,2018-07-24
32,26.82304663740,2018-07-24
32,58.54205511210,2018-07-24
32,181.78084919200,2018-07-24
32,46.70327294110,2018-07-24
32,167.67523742100,2018-07-24
32,44.20331263300,2018-07-24
32,40.16497761770,2018-07-24
32,21.54688566440,2018-07-24
32,31.15112941590,2018-07-24
32,49.94567577560,2018-07-24
32,14.75972005430,2018-07-24
32,97.72125101140,2018-07-24
32,97.30768750980,2018-07-24
32,16.95931932820,2018-07-24
32,80.93236737140,2018-07-24
32,26.77743543080,2018-07-24
32,28.67407203490,2018-07-24
32,25.67769472460,2018-07-24
32,69.73072008010,2018-07-24
32,132.79428207600,2018-07-24
32,26.69012687120,2018-07-24
32,25.73736648080,2018-07-24
32,50.73291650470,2018-07-24
32,42.69723440760,2018-07-24
32,30.78659128780,2018-07-24
32,52.74936022580,2018-07-24
32,17.41498496240,2018-07-24
32,339.03421030300,2018-07-24
32,56.81550056140,2018-07-24
32,152.27864704500,2018-07-24
32,85.71027344560,2018-07-24
32,23.81445985760,2018-07-24
32,30.12140636940,2018-07-24
32,80.24231064970,2018-07-24
32,70.29318392130,2018-07-24
32,14.62642589980,2018-07-24
32,50.64529966940,2018-07-24
32,38.86852742390,2018-07-24
32,137.50145521300,2018-07-24
32,55.61717492360,2018-07-24
32,35.01978731820,2018-07-24
32,37.31960745350,2018-07-24
32,108.78926959200,2018-07-24
32,20.44215466600,2018-07-24
32,159.73312374800,2018-07-24
33,25.23005842060,2018-08-27
33,324.54407297100,2018-08-27
33,68.93919746080,2018-08-27
33,85.03761639390,2018-08-27
33,35.85997975150,2018-08-27
33,13.30647823000,2018-08-27
33,39.97273260830,2018-08-27
33,34.71639690130,2018-08-27
33,33.71577342320,2018-08-27
33,33.85982006090,2018-08-27
33,71.20619918710,2018-08-27
33,157.73835686500,2018-08-27
33,36.70107295740,2018-08-27
33,79.53021119610,2018-08-27
33,16.19346877100,2018-08-27
33,124.73901056000,2018-08-27
33,27.70138068110,2018-08-27
33,17.30690308650,2018-08-27
33,36.64641351240,2018-08-27
33,89.23934994230,2018-08-27
33,56.86673297300,2018-08-27
33,32.46814289290,2018-08-27
33,60.62327964050,2018-08-27
33,66.39383612250,2018-08-27
33,67.02077753780,2018-08-27
33,29.86278102870,2018-08-27
33,49.52796341860,2018-08-27
33,81.02164583600,2018-08-27
33,86.96958274130,2018-08-27
33,61.71866730000,2018-08-27
33,28.35273730600,2018-08-27
33,67.52621201150,2018-08-27
33,8.18625539726,2018-08-27
33,31.19179095700,2018-08-27
33,116.41368458600,2018-08-27
34,71.03922036530,2018-10-26
34,17.19527623320,2018-10-26
34,40.28950306430,2018-10-26
34,90.66365030200,2018-10-26
34,118.26112615000,2018-10-26
34,21.45356819470,2018-10-26
34,30.82222090870,2018-10-26
34,27.01160050110,2018-10-26
34,25.12835924780,2018-10-26
34,51.86457705500,2018-10-26
34,16.68846536120,2018-10-26
34,44.81064846760,2018-10-26
34,64.12088722260,2018-10-26
34,18.80893006590,2018-10-26
35,14.40399753580,2018-11-26
35,33.85809790160,2018-11-26
35,17.86657918870,2018-11-26
35,19.80587657460,2018-11-26
35,37.73715632790,2018-11-26
35,61.24981449690,2018-11-26
35,119.58976132500,2018-11-26
36,21.14169946110,2018-12-26
36,33.18235354230,2018-12-26
36,28.62488902180,2018-12-26
36,56.80391324170,2018-12-26
36,13.95358348880,2018-12-26
36,28.83443349480,2018-12-26
36,26.59977133060,2018-12-26
36,35.59930008550,2018-12-26
37,23.59800853090,2019-01-28
37,39.35260072720,2019-01-28
37,168.96485526900,2019-01-28
38,42.00694055400,2019-02-25
38,82.88052568410,2019-02-25
38,197.91621129300,2019-02-25
38,38.82033982230,2019-02-25
38,34.78779191770,2019-02-25
39,39.64254499810,2019-03-25
39,15.89690166900,2019-03-25
39,96.67470535420,2019-03-25
39,107.80854428600,2019-03-25
39,8.88828501585,2019-03-25
39,38.76312540550,2019-03-25
39,16.28327592910,2019-03-25
39,57.51579769790,2019-03-25
39,52.89062623640,2019-03-25
39,23.61813937550,2019-03-25
40,46.31038955380,2019-04-24
40,24.85017010050,2019-04-24
40,53.39099387860,2019-04-24
40,46.04508527100,2019-04-24
40,29.39243448970,2019-04-24
40,55.84679694570,2019-04-24
40,7.85091192606,2019-04-24
41,15.79723727350,2019-05-31
41,55.20882983170,2019-05-31
41,7.77376181600,2019-05-31
41,135.95790436800,2019-05-31
41,11.72227349050,2019-05-31
41,45.25658693360,2019-05-31
41,36.00162025750,2019-05-31
41,117.57138131600,2019-05-31
41,27.28349363570,2019-05-31
42,44.72142067470,2019-06-27
42,60.79496263130,2019-06-27
42,41.53543930410,2019-06-27
42,82.86228587680,2019-06-27
42,36.46400662240,2019-06-27
42,167.59693838300,2019-06-27
42,29.85772995090,2019-06-27
42,255.04723868100,2019-06-27
42,82.06756722220,2019-06-27
42,188.73845121000,2019-06-27
42,67.73124942720,2019-06-27
42,118.94381049600,2019-06-27
43,34.41576633600,2019-07-24
43,135.07144424400,2019-07-24
43,34.76720782110,2019-07-24
43,30.72177805290,2019-07-24
43,34.89203858080,2019-07-24
43,26.32351324900,2019-07-24
43,23.11773300100,2019-07-24
43,17.58548902510,2019-07-24
43,29.24094619650,2019-07-24
43,42.72519813340,2019-07-24
43,36.12180697120,2019-07-24
44,48.83503307110,2019-08-28
44,36.45941233500,2019-08-28
44,23.51698688880,2019-08-28
44,132.89134814800,2019-08-28
44,32.72445193330,2019-08-28
44,85.43530226280,2019-08-28
44,40.86191251080,2019-08-28
44,9.11544139037,2019-08-28
44,23.43015147240,2019-08-28
44,7.69478859673,2019-08-28
45,77.66551267880,2019-09-23
45,175.38349174800,2019-09-23
45,30.29252447820,2019-09-23
45,33.27171975760,2019-09-23
45,9.19580692234,2019-09-23
45,7.29448142639,2019-09-23
45,22.85146766840,2019-09-23
45,42.88357274930,2019-09-23
45,7.62210305591,2019-09-23
45,21.89766176230,2019-09-23
45,170.75515610100,2019-09-23
45,25.18577586330,2019-09-23
45,82.40917242540,2019-09-23
45,40.44198580500,2019-09-23
45,13.97070089490,2019-09-23
45,48.79747765090,2019-09-23
45,93.75078768390,2019-09-23
45,29.66515789800,2019-09-23
45,69.32361998590,2019-09-23
45,7.87928052007,2019-09-23
45,28.77762017300,2019-09-23
45,101.56301399700,2019-09-23
45,21.64219079810,2019-09-23
45,265.27506620500,2019-09-23
45,56.56283651440,2019-09-23
45,40.61612111680,2019-09-23
45,58.95138012250,2019-09-23
45,193.85731864900,2019-09-23
45,30.90189182720,2019-09-23
45,39.76622992380,2019-09-23
45,192.82521216500,2019-09-23
45,20.64376983490,2019-09-23
45,93.19930339110,2019-09-23
45,398.86794962500,2019-09-23
45,28.80535753140,2019-09-23
45,2.21774637188,2019-09-23
45,22.01332171890,2019-09-23
45,248.84573195900,2019-09-23
45,31.71582633480,2019-09-23
45,31.73248566280,2019-09-23
45,135.65616893100,2019-09-23
45,42.87423536380,2019-09-23
45,13.20707166370,2019-09-23
45,13.69990419600,2019-09-23
45,56.57851876410,2019-09-23
45,42.73964992960,2019-09-23
45,373.25287081900,2019-09-23
45,43.37056385470,2019-09-23
45,19.88247229660,2019-09-23
45,15.39699896960,2019-09-23
45,54.61373984200,2019-09-23
45,27.82984224810,2019-09-23
45,33.76630026600,2019-09-23
45,13.96972431730,2019-09-23
45,15.69712178140,2019-09-23
45,3.12360615390,2019-09-23
45,46.77444136000,2019-09-23
45,24.67542808630,2019-09-23
45,13.45497475820,2019-09-23
45,211.74877512700,2019-09-23
46,32.71701699870,2019-10-17
46,99.41260128830,2019-10-17
46,12.28740350210,2019-10-17
46,45.95265359370,2019-10-17
46,66.90093831470,2019-10-17
46,87.72351055800,2019-10-17
46,28.76790317630,2019-10-17
46,22.85843785740,2019-10-17
46,23.08845353150,2019-10-17
47,88.98618509240,2019-11-28
47,14.68175229340,2019-11-28
47,113.27959165400,2019-11-28
47,56.68553181370,2019-11-28
47,28.91750855840,2019-11-28
47,64.56022328780,2019-11-28
47,11.51814618220,2019-11-28
47,47.59827917950,2019-11-28
47,34.68167413720,2019-11-28
47,23.50440688810,2019-11-28
47,101.87631647000,2019-11-28
47,12.40971988490,2019-11-28
47,25.55458407740,2019-11-28
47,25.83676964970,2019-11-28
47,26.75548402660,2019-11-28
