date,area_m2,treefall,branchfall,stand_dead
2014-11-06,101.46130432500,1,0,0
2014-11-06,55.79364725600,1,0,0
2014-11-06,43.02728977960,1,0,0
2014-11-27,153.59153701300,1,0,0
2014-11-27,22.25026851540,0,1,0
2014-11-27,21.28516731530,0,1,0
2014-11-27,107.74440584000,1,0,0
2014-11-27,37.11888413320,0,1,0
2014-11-27,34.59934720950,0,1,0
2014-11-27,18.83343049900,1,0,0
2014-12-17,120.67686886200,1,0,0
2014-12-17,129.45109999900,0,1,0
2014-12-17,61.29464544150,1,0,0
2014-12-17,26.48134776820,0,1,0
2014-12-17,84.93529322280,1,0,0
2014-12-17,62.88130016170,0,1,0
2014-12-17,19.91470974280,1,0,0
2014-12-17,23.60586233290,0,1,0
2015-01-10,53.06657562180,0,1,0
2015-01-10,63.18069854130,0,1,0
2015-01-10,118.26391119900,0,1,0
2015-01-10,28.99114656690,0,1,0
2015-01-10,16.59232495160,0,1,0
2015-02-11,84.92995652010,0,0,1
2015-02-11,135.52850736400,1,0,0
2015-02-11,81.35079414230,1,0,0
2015-02-11,72.75157377740,0,0,1
2015-02-11,16.04726028150,0,1,0
2015-02-11,64.41545140870,1,0,0
2015-02-11,29.39677648920,0,0,1
2015-02-11,12.90494159930,0,0,1
2015-02-11,54.46299663450,0,1,0
2015-02-11,30.89525465640,0,1,0
2015-02-11,35.02465778040,0,1,0
2015-02-25,405.12292172000,1,0,0
2015-02-25,35.67033292840,0,1,0
2015-02-25,46.52372949820,1,0,0
2015-02-25,62.69130998750,0,1,0
2015-02-25,54.28798018230,1,0,0
2015-04-01,62.61670212410,1,0,0
2015-04-01,33.43189707280,0,1,0
2015-04-22,19.52522248910,0,1,0
2015-04-22,32.95814629520,1,0,0
2015-05-20,27.97142941710,0,0,1
2015-05-20,19.66801683510,0,1,0
2015-05-20,11.98455891740,0,1,0
2015-05-20,14.01445828800,0,1,0
2015-05-20,32.27869288560,0,1,0
2015-06-10,28.89541435100,0,1,0
2015-06-10,137.30452712200,1,0,0
2015-06-10,272.53767976000,1,0,0
2015-06-10,33.85010777840,0,1,0
2015-06-10,67.10830994700,0,0,1
2015-06-10,57.00126207120,0,1,0
2015-06-10,55.94517237330,1,0,0
2015-06-10,51.20953154490,1,0,0
2015-06-10,45.07992527540,0,0,1
2015-06-10,23.20299021640,0,1,0
2015-06-29,65.62439001800,1,0,0
2015-06-29,39.39334996510,0,1,0
2015-06-29,24.09279012440,1,0,0
2015-06-29,66.94669120470,1,0,0
2015-06-29,13.34921789120,0,1,0
2015-06-29,7.92151282639,0,0,1
2015-06-29,36.41714842610,0,0,1
2015-07-14,35.99984700750,0,1,0
2015-07-14,95.85934170510,1,0,0
2015-07-14,30.81807719170,0,1,0
2015-07-14,19.26696618760,0,1,0
2015-07-14,21.95932931290,0,1,0
2015-07-14,25.58427477400,0,0,1
2015-07-14,7.47874504149,0,1,0
2015-08-19,42.79109976710,1,0,0
2015-08-19,37.33510381840,0,0,1
2015-08-19,26.13515565770,1,0,0
2015-08-19,486.74948854900,1,0,0
2015-08-19,356.61831858300,1,0,0
2015-08-19,82.03852221850,0,0,1
2015-08-19,18.51018931880,0,0,1
2015-08-19,45.65867588000,1,0,0
2015-08-19,53.66663090830,0,0,1
2015-09-24,36.42878401470,0,1,0
2015-09-24,28.36552286000,0,1,0
2015-09-24,59.44971488060,1,0,0
2015-09-24,16.06521755600,1,0,0
2015-09-24,181.79388518400,1,0,0
2015-09-24,259.06853007100,1,0,0
2015-09-24,68.49580730590,1,0,0
2015-09-24,16.64569861400,0,1,0
2015-09-24,46.46325382610,0,0,1
2015-09-24,20.79957713150,0,0,1
2015-09-24,35.87278274770,1,0,0
2015-09-24,17.49427462200,1,0,0
2015-09-24,45.56725343530,1,0,0
2015-09-24,11.22991994070,1,0,0
2015-09-24,50.86417230160,1,0,0
2016-06-01,27.72455953120,1,0,0
2016-06-01,126.00140290400,0,0,1
2016-06-01,122.54145970400,1,0,0
2016-06-01,323.80583279700,0,0,1
2016-06-01,28.22052683220,0,0,1
2016-06-01,41.05332617910,0,0,1
2016-06-01,6.32386737124,0,0,1
2016-06-01,60.39691677220,0,0,1
2016-06-01,43.33146046190,0,1,0
2016-06-01,23.40800436640,1,0,0
2016-06-01,39.65393807850,0,1,0
2016-06-01,17.95270670670,0,1,0
2016-06-01,25.67853478110,0,1,0
2016-06-01,10.72654545670,0,1,0
2016-06-01,14.24151721400,0,1,0
2016-06-01,17.76017216780,0,1,0
2016-06-01,21.30380604830,0,1,0
2016-06-01,8.05126055182,0,1,0
2016-06-01,5.68132790928,1,0,0
2016-06-01,19.89708622880,0,1,0
2016-06-01,6.89577506608,0,1,0
2016-06-01,7.93239853790,0,1,0
2016-06-01,34.72680929620,1,0,0
2016-06-01,16.19911156670,0,1,0
2016-06-01,39.26419143370,1,0,0
2016-06-01,26.33676539920,1,0,0
2016-06-01,94.80056245910,0,0,1
2016-06-01,7.97610918756,0,0,1
2016-07-13,120.48399625300,1,0,0
2016-07-13,139.40450469300,1,0,0
2016-07-13,65.67957983230,1,0,0
2016-07-13,31.03597492090,0,1,0
2016-07-13,146.00534493000,1,0,0
2016-07-13,50.32736515020,1,0,0
2016-07-13,68.11056677090,1,0,0
2016-07-13,175.37483069300,1,0,0
2016-07-13,107.13412510100,0,1,0
2016-07-13,28.36220537160,0,1,0
2016-07-13,447.53779966300,1,0,0
2016-07-13,90.75975633300,1,0,0
2016-07-13,79.02260354090,1,0,0
2016-07-13,25.51617712350,0,1,0
2016-07-13,44.95541462980,0,1,0
2016-07-13,56.57034032980,0,1,0
2016-07-13,38.17104159230,1,0,0
2016-07-13,27.19486533720,1,0,0
2016-07-13,28.17256068810,0,1,0
2016-07-13,280.68662117500,1,0,0
2016-07-13,58.75966680580,1,0,0
2016-07-13,102.05111944300,1,0,0
2016-07-13,71.21657070040,0,1,0
2016-07-13,30.28128729110,1,0,0
2016-07-13,57.16204068780,1,0,0
2016-07-13,30.30975646980,0,1,0
2016-07-13,56.34601746590,1,0,0
2016-07-13,420.66556583200,1,0,0
2016-07-13,82.38477266780,1,0,0
2016-07-13,80.29996687260,1,0,0
2016-07-13,312.41688818700,1,0,0
2016-07-13,19.84446932680,0,1,0
2016-07-13,48.46949593380,0,1,0
2016-07-13,112.73851514900,1,0,0
2016-07-13,311.37817103100,1,0,0
2016-07-13,237.52042967600,1,0,0
2016-07-13,94.70659443060,1,0,0
2016-07-13,46.81848406960,0,1,0
2016-07-13,85.24489222130,0,1,0
2016-07-13,159.27698856500,1,0,0
2016-07-13,2.63724954393,1,0,0
2016-07-13,202.88426481700,1,0,0
2016-07-13,404.10710420200,1,0,0
2016-07-13,107.55084129000,1,0,0
2016-07-13,16.77992486320,0,1,0
2016-07-13,80.92726914730,1,0,0
2016-07-13,45.53527306520,0,1,0
2016-07-13,23.84457999140,1,0,0
2016-07-13,15.59742942550,0,1,0
2016-07-13,9.25482956729,1,0,0
2016-07-13,73.26993645540,0,1,0
2016-07-13,30.83083692990,1,0,0
2016-07-13,10.57613370080,0,1,0
2016-07-13,21.94168815560,1,0,0
2016-07-13,86.45443795310,0,0,1
2016-07-13,110.31287196300,0,0,1
2016-07-13,38.99162741940,0,1,0
2016-07-13,41.84372167450,1,0,0
2016-07-13,12.55357853330,0,1,0
2016-07-13,112.92691583200,0,1,0
2016-07-13,194.18395841700,1,0,0
2016-07-13,70.22171797230,1,0,0
2016-07-13,24.82704425810,1,0,0
2016-07-13,26.84608578120,0,1,0
2016-07-13,11.21753248410,0,1,0
2016-07-13,15.08063778980,1,0,0
2016-07-13,41.40230753450,0,0,1
2016-07-13,7.49255757277,0,1,0
2016-07-13,7.56785977350,0,1,0
2016-07-13,20.29125030550,0,1,0
2016-07-13,37.59388119110,0,1,0
2016-07-13,93.78539914200,0,1,0
2016-07-13,7.89652117054,0,1,0
2016-07-13,88.32678956290,1,0,0
2016-07-13,9.46724983356,0,1,0
2016-07-13,11.34599883130,1,0,0
2016-07-13,56.39712219750,0,0,1
2016-07-13,52.36958138990,0,1,0
2016-07-13,16.95336891580,0,1,0
2016-07-13,9.69374938618,0,1,0
2016-07-13,8.78141141848,0,1,0
2016-07-13,19.68823333470,0,1,0
2016-07-13,39.15871043380,1,0,0
2016-07-13,8.89198686814,0,1,0
2016-07-13,52.17196667500,1,0,0
2016-07-13,21.44606849660,0,1,0
2016-07-13,40.71515385870,1,0,0
2016-07-13,14.39723771580,0,1,0
2016-07-13,17.88486790110,0,1,0
2016-07-13,22.94737452560,1,0,0
2016-07-13,20.25583743820,0,0,1
2016-07-13,5.63572195387,0,0,1
2016-07-13,33.24332020450,1,0,0
2016-07-13,39.23644182070,0,1,0
2016-07-13,38.47535354050,1,0,0
2016-07-13,11.03604462950,0,1,0
2016-07-13,4.56573812762,0,1,0
2016-07-13,40.76159614460,1,0,0
2016-07-13,2.65022491763,0,1,0
2016-07-13,26.39126455350,0,1,0
2016-07-13,49.00271678680,1,0,0
2016-07-13,75.66939417840,0,1,0
2016-07-13,56.95575908760,0,1,0
2016-07-13,25.09557243990,0,1,0
2016-07-13,32.83575465880,1,0,0
2016-07-13,74.31985205660,1,0,0
2016-07-13,7.52604454424,0,1,0
2016-07-13,52.01938328390,0,1,0
2016-07-13,16.11531815450,0,1,0
2016-07-13,33.96099143050,0,1,0
2016-07-13,24.99529968630,1,0,0
2016-07-13,9.69657964494,0,1,0
2016-07-13,21.74408511260,0,1,0
2016-07-13,49.93079543530,0,1,0
2016-07-13,28.89154051530,0,1,0
2016-07-13,14.02113039070,0,1,0
2016-07-13,37.39121782470,0,1,0
2016-07-13,7.37139760349,0,1,0
2016-07-13,72.36071330910,1,0,0
2016-07-13,24.45567658660,0,1,0
2016-07-13,12.07482770710,0,1,0
2016-07-13,17.62615221870,0,1,0
2016-07-13,31.84288288550,1,0,0
2016-07-13,7.77200044716,0,1,0
2016-07-13,9.09622534447,0,1,0
2016-07-13,9.42655965252,0,1,0
2016-07-13,30.25708940710,0,1,0
2016-07-13,65.85292664960,1,0,0
2016-07-13,15.08818332200,0,1,0
2016-07-13,137.07804467600,1,0,0
2016-07-13,84.19597443930,1,0,0
2016-07-13,9.60442243950,0,1,0
2016-07-13,13.35615040110,1,0,0
2016-07-13,7.17995387851,0,1,0
2016-07-13,31.80051060330,1,0,0
2016-07-13,4.43252442666,0,1,0
2016-07-13,333.34637986900,0,0,1
2016-07-13,40.60904382380,0,1,0
2016-07-13,28.07815315450,1,0,0
2016-07-13,11.30662123870,0,1,0
2016-07-13,35.97178307020,0,1,0
2016-07-13,34.23817084440,1,0,0
2016-07-13,11.96918579910,1,0,0
2016-07-13,100.25306499400,1,0,0
2016-07-13,121.00488629500,1,0,0
2016-07-13,48.10405161390,1,0,0
2016-07-13,67.10231756520,0,0,1
2016-07-13,53.15415818510,0,1,0
2016-07-13,71.41470560700,0,1,0
2016-07-13,58.27553040990,0,1,0
2016-07-13,116.48037816600,0,1,0
2016-07-13,9.63139721031,0,1,0
2016-07-13,17.25400883740,0,1,0
2016-07-13,27.75648192950,0,1,0
2016-07-13,90.27073293550,1,0,0
2016-07-13,35.19967651280,1,0,0
2016-07-13,41.57180625240,0,1,0
2016-07-13,38.22830433850,0,1,0
2016-07-13,14.25349755350,1,0,0
2016-07-13,13.66759589920,0,1,0
2016-07-13,62.96439541360,0,1,0
2016-07-13,31.98769582460,0,1,0
2016-07-13,25.17583161250,0,1,0
2016-07-13,13.30017781990,1,0,0
2016-07-13,8.34126052485,0,1,0
2016-07-13,20.93426310080,0,1,0
2016-07-13,181.73733962100,1,0,0
2016-07-13,24.52877516140,0,1,0
2016-07-13,211.17666054000,1,0,0
2016-07-13,5.52890657691,0,1,0
2016-07-13,13.14861781290,0,1,0
2016-07-13,52.92719908810,0,1,0
2016-07-13,9.16058060144,0,1,0
2016-07-13,5.78238163818,0,1,0
2016-07-13,21.44451534330,0,1,0
2016-07-13,23.08942006390,0,1,0
2016-07-13,13.81073650720,1,0,0
2016-07-13,12.85574538350,0,1,0
2016-07-13,9.42830976956,0,1,0
2016-07-13,29.22388529750,1,0,0
2016-07-13,13.98359118440,0,1,0
2016-07-13,7.03893656670,0,1,0
2016-07-13,16.09605033430,0,1,0
2016-07-13,23.79115771050,0,1,0
2016-07-13,44.50909071200,0,1,0
2016-07-13,28.25859006550,1,0,0
2016-07-13,7.81391571565,0,1,0
2016-07-13,51.36102843390,1,0,0
2016-07-13,4.69280872443,0,1,0
2016-07-13,10.79066218460,0,1,0
2016-07-13,11.10553296260,0,1,0
2016-07-13,7.27385066017,0,1,0
2016-07-13,12.36456606270,0,1,0
2016-07-13,5.00954688362,0,1,0
2016-07-13,13.10352108410,0,1,0
2016-07-13,7.78838564283,0,1,0
2016-07-13,11.14345977180,0,1,0
2016-07-13,19.12246207080,1,0,0
2016-07-13,6.85059614166,0,1,0
2016-07-13,24.49561037660,1,0,0
2016-07-13,30.33168938500,1,0,0
2016-07-13,9.46914678613,0,1,0
2016-07-13,6.51539396199,0,1,0
2016-07-13,8.45791704592,0,1,0
2016-07-13,57.72047925790,1,0,0
2016-07-13,33.57491595130,0,1,0
2016-07-13,34.20252921050,0,1,0
2016-07-13,17.31818738160,0,1,0
2016-07-13,9.72154161876,0,1,0
2016-07-13,24.71653128380,0,1,0
2016-07-13,15.22162962710,0,1,0
2016-07-13,13.73052274610,0,1,0
2016-07-13,51.46179646510,1,0,0
2016-07-13,32.91917088830,0,1,0
2016-09-22,33.67188514120,0,1,0
2016-09-22,157.98155416700,1,0,0
2016-09-22,65.36446857440,1,0,0
2016-09-22,173.63658110400,0,1,0
2016-09-22,80.64996690190,1,0,0
2016-09-22,237.63727385900,1,0,0
2016-09-22,51.45479601200,1,0,0
2016-09-22,162.00658753200,1,0,0
2016-09-22,54.47299302620,1,0,0
2016-09-22,11.45429429540,1,0,0
2016-09-22,49.21169661830,0,1,0
2016-09-22,26.22976866000,1,0,0
2016-09-22,21.09764244490,0,1,0
2016-09-22,73.63288621720,0,1,0
2016-09-22,31.80635784180,1,0,0
2016-09-22,63.71795192910,1,0,0
2016-09-22,41.54599203470,0,1,0
2016-09-22,6.65408499717,0,1,0
2016-09-22,11.02109572690,0,1,0
2016-09-22,40.29542007330,1,0,0
2016-09-22,65.58496610320,1,0,0
2016-09-22,21.63084430130,0,1,0
2016-09-22,42.16553291900,0,1,0
2016-09-22,39.23945886060,0,1,0
2016-09-22,31.39049535930,1,0,0
2016-09-22,6.49795291038,0,1,0
2016-09-22,11.30137088840,0,1,0
2016-09-22,13.54951559140,0,1,0
2016-09-22,12.15248798690,0,0,1
2016-09-22,16.20124928270,0,0,1
2016-09-22,23.38069242900,0,1,0
2016-09-22,8.88445942432,0,1,0
2016-09-22,102.82619498100,0,0,1
2016-09-22,48.91791607850,1,0,0
2016-09-22,9.91987570138,0,1,0
2016-09-22,29.75633891160,0,1,0
2016-09-22,32.47640795550,0,1,0
2016-09-22,51.00392624670,1,0,0
2016-09-22,13.96373410130,0,1,0
2016-09-22,8.11830309151,0,1,0
2016-09-22,23.61310095780,0,1,0
2016-09-22,22.07945724480,0,1,0
2016-09-22,40.96216603160,0,0,1
2016-09-22,27.68030848640,1,0,0
2016-09-22,88.75834502510,0,0,1
2016-09-22,31.70841775240,1,0,0
2016-09-22,22.50228514190,0,1,0
2016-09-22,8.51470259247,0,1,0
2016-09-22,9.90425368858,1,0,0
2016-09-22,23.58487896220,0,1,0
2016-09-22,15.06996578820,0,1,0
2016-09-22,16.87190502640,0,1,0
2016-09-22,8.87536503722,0,1,0
2016-09-22,33.41769108480,0,1,0
2016-09-22,30.47169862930,1,0,0
2016-09-22,34.47942381150,0,1,0
2016-09-22,25.33305916960,0,1,0
2016-09-22,10.38256025170,0,1,0
2016-10-20,31.63358966550,0,1,0
2016-10-20,38.13408867120,0,1,0
2016-10-20,97.57500704900,1,0,0
2016-10-20,43.45803551110,1,0,0
2016-10-20,40.61396709520,1,0,0
2016-12-23,87.83729443100,1,0,0
2016-12-23,29.26667940350,0,0,3
2016-12-23,125.38609798300,1,0,0
2016-12-23,203.05331743900,1,0,0
2016-12-23,63.49834254750,1,0,0
2016-12-23,116.84332302500,1,0,0
2016-12-23,143.69511644500,0,0,1
2016-12-23,105.12207485300,1,0,0
2016-12-23,56.24970685030,1,0,0
2016-12-23,37.67730268770,1,0,0
2016-12-23,33.34031081070,1,0,0
2016-12-23,82.33657592400,1,0,0
2016-12-23,64.24420127220,1,0,0
2016-12-23,122.32138340300,1,0,0
2016-12-23,26.38146076670,0,1,0
2017-03-15,17.86089132740,1,0,0
2017-06-22,33.77213256000,1,0,0
2017-04-21,69.34190639030,1,0,0
2017-06-22,51.93796685250,1,0,0
2017-06-22,53.82425566160,1,0,0
2017-06-22,29.21012787370,1,0,0
2017-04-21,32.39533809540,0,0,1
2017-04-21,16.12721100330,0,1,0
2017-05-17,32.38995541440,0,1,0
2017-03-15,174.59833873600,0,0,1
2017-08-31,18.23531620710,1,0,0
2017-11-29,28.91890864580,0,0,1
2017-08-31,14.84657987860,1,0,0
2017-06-22,20.10112667420,1,0,0
2017-08-31,11.63616798720,1,0,0
2017-06-22,17.96598575470,0,1,0
2017-08-31,20.06633569670,0,1,0
2017-03-15,26.68016088680,1,0,0
2017-10-30,8.78137956924,0,1,0
2017-04-21,68.41497727710,1,0,0
2017-08-31,57.75076624190,1,0,0
2017-10-30,61.66349110010,1,0,0
2017-05-17,47.35392534860,0,1,0
2017-08-31,8.85362346878,1,0,0
2017-06-22,28.55488463020,0,1,0
2017-06-22,35.23691622990,1,0,0
2017-04-21,66.22084877070,0,1,0
2017-03-15,37.09186022470,0,1,0
2017-03-15,18.94822465100,1,0,0
2017-11-29,13.45657499400,1,0,0
2017-10-30,19.36667651580,1,0,0
2017-10-30,59.65253729580,0,1,0
2017-03-15,48.72877977370,0,1,0
2017-10-30,23.39554410380,0,1,0
2017-06-22,48.76997413090,0,1,0
2017-10-30,34.49842344510,1,0,0
2017-04-21,55.65029838370,1,0,0
2017-03-15,107.01697981000,1,0,0
2017-08-31,33.09487136100,1,0,0
2017-05-17,56.81434976430,1,0,0
2017-08-31,276.46412177100,0,0,1
2017-11-29,33.28272916230,0,1,0
2017-04-21,275.72461312600,1,0,0
2017-06-22,38.39006613980,0,1,0
2017-08-31,33.76121921840,1,0,0
2017-03-15,16.99852189700,1,0,0
2017-06-22,136.68180374500,0,0,1
2017-03-15,79.98696561830,0,0,1
2017-06-22,16.39773887430,1,0,0
2017-09-27,86.91729526320,1,0,0
2017-09-27,17.83717725010,0,1,0
2017-06-22,34.57528196660,0,1,0
2017-04-21,12.05717834320,0,1,0
2017-11-29,60.78597693600,1,0,0
2017-10-30,85.14941987970,0,1,0
2017-10-30,23.98884361960,1,0,0
2017-11-29,122.17008957600,0,1,0
2017-08-31,26.08057352830,1,0,0
2017-10-30,45.90622980090,1,0,0
2017-10-30,15.00479031180,1,0,0
2017-10-30,20.57575799830,1,0,0
2017-10-30,31.97758030450,1,0,0
2017-08-31,66.05775981900,1,0,0
2017-08-31,75.23799451840,1,0,0
2017-08-31,104.93320354700,1,0,0
2017-08-31,19.36607816900,0,1,0
2017-11-29,52.10723908000,1,0,0
2017-10-30,91.28810849970,1,0,0
2017-11-29,57.44125009320,1,0,0
2017-10-30,21.16799707770,0,1,0
2017-08-31,141.43246921500,1,0,0
2017-11-29,189.61662285200,1,0,0
2017-08-31,69.26266927390,1,0,0
2017-08-31,63.35810016520,0,0,1
2017-08-31,99.23522759370,1,0,0
2017-08-31,14.99078939070,1,0,0
2017-08-31,165.88896100500,1,0,0
2017-10-30,20.96638376990,1,0,0
2017-08-31,23.22893309680,0,1,0
2017-08-31,27.46810158710,1,0,0
2017-08-31,37.37106500160,0,1,0
2017-11-29,37.69173471810,0,1,0
2017-10-30,27.03654721830,0,1,0
2017-10-30,49.48066571280,1,0,0
2017-09-27,13.22107258910,1,0,0
2017-04-21,4.29093133923,0,1,0
2017-11-29,8.80303900121,0,1,0
2017-11-29,5.39001317348,1,0,0
2017-10-30,11.86872799520,1,0,0
2018-07-24,55.61717492270,0,1,0
2018-05-23,103.35420709200,1,0,0
2018-05-23,30.69802600450,0,1,0
2018-02-28,116.99983491800,1,0,0
2018-07-24,20.38928250650,1,0,0
2019-06-27,60.79496263510,1,0,0
2019-10-17,28.76790317480,0,1,0
2019-10-17,22.85843784910,0,1,0
2018-05-23,11.32981422220,0,1,0
2018-04-04,15.39486292930,0,1,0
2018-08-27,39.97273260450,0,1,0
2019-09-23,28.77762017260,0,1,0
2018-02-28,60.84776371440,1,0,0
2018-07-24,29.64116060360,0,1,0
2019-07-24,34.76720781920,1,0,0
2019-09-23,265.27506620300,0,1,0
2019-09-23,13.97070089830,0,1,0
2019-09-23,48.79747765070,1,0,0
2019-09-23,13.69990419510,0,1,0
2018-05-23,12.87804995840,1,0,0
2018-07-24,31.15112941710,1,0,0
2018-07-24,238.64188562700,1,0,0
2018-08-27,28.35273731240,1,0,0
2018-10-26,21.45356819370,1,0,0
2018-08-27,124.73901055800,1,0,0
2019-09-23,170.75515609800,1,0,0
2018-07-24,85.71027344560,1,0,0
2018-07-24,68.34126781020,1,0,0
2018-08-27,67.02077753590,0,1,0
2019-05-31,36.00162025870,0,1,0
2019-11-28,25.83676964970,0,1,0
2019-10-17,32.71701699610,1,0,0
2018-07-24,56.24855981480,1,0,0
2018-07-24,38.30432396940,0,1,0
2018-07-24,49.94567577000,1,0,0
2018-07-24,98.74774572830,1,0,0
2018-07-24,172.43436079900,1,0,0
2018-08-27,157.73826553600,1,0,0
2018-08-27,68.93919746040,1,0,0
2019-04-24,46.04508527160,1,0,0
2019-04-24,24.85017010070,0,1,0
2018-07-24,33.85448355230,1,0,0
2018-07-24,139.63710597800,1,0,0
2018-07-24,14.62642589850,0,1,0
2018-07-24,97.30768750770,1,0,0
2019-07-24,29.24094619970,1,0,0
2019-03-25,96.67470535180,1,0,0
2019-09-23,31.71582633350,0,1,0
2018-07-24,70.29318392010,1,0,0
2018-07-24,41.67418013730,1,0,0
2018-07-24,30.79034204090,1,0,0
2018-11-26,33.85809790200,1,0,0
2018-08-27,60.62336105680,0,1,0
2019-02-25,197.91624595400,1,0,0
2018-07-24,80.93235322260,1,0,0
2019-02-25,34.78779191910,1,0,0
2018-07-24,58.54204959920,1,0,0
2019-06-27,98.09436884270,0,1,0
2019-06-27,29.85772995460,1,0,0
2019-11-28,64.56022328890,0,1,0
2019-11-28,56.68554795840,1,0,0
2019-09-23,77.66551267590,1,0,0
2018-07-24,73.87238236540,1,0,0
2018-05-23,74.28923500830,1,0,0
2018-07-24,152.27860004500,0,0,1
2018-10-26,64.12088722330,1,0,0
2018-11-26,61.24968682360,0,0,1
2018-10-26,25.12835924380,0,1,0
2018-10-26,27.01147482390,0,0,1
2018-12-26,21.14183394420,0,0,1
2019-03-25,52.89062622890,1,0,0
2019-09-23,40.44198580890,1,0,0
2018-07-24,133.62219432500,1,0,0
2018-07-24,38.98786169140,0,0,1
2018-07-24,46.70327293740,0,1,0
2018-07-24,22.05622387870,1,0,0
2018-08-27,61.71866729860,0,1,0
2019-08-28,48.83503307270,1,0,0
2019-08-28,36.45941234020,0,1,0
2019-09-23,28.80535753120,0,1,0
2018-04-04,122.81468963300,1,0,0
2018-07-24,42.69723440550,1,0,0
2018-04-04,7.13467592348,1,0,0
2018-07-24,52.74936022160,1,0,0
2019-03-25,107.80854429100,1,0,0
2019-05-31,7.77376181885,0,1,0
2019-09-23,175.38349174900,1,0,0
2019-11-28,88.98618509100,1,0,0
2019-09-23,69.32361998390,1,0,0
2019-09-23,42.87423536240,0,1,0
2019-09-23,193.85731864800,1,0,0
2019-11-28,113.27959165600,0,0,1
2019-09-23,13.20707166050,0,1,0
2019-03-25,57.51579769630,0,1,0
2018-02-28,88.80906337940,1,0,0
2018-02-28,52.71857868450,1,0,0
2018-07-24,339.03421030300,1,0,0
2018-07-24,44.73413173340,1,0,0
2018-02-28,42.71614588800,1,0,0
2018-07-24,243.50885075300,1,0,0
2018-07-24,34.71442912620,1,0,0
2018-02-28,88.82003504420,1,0,0
2018-02-28,6.69664197554,0,0,1
2018-07-24,17.41498496250,0,0,1
2018-08-27,324.54407297100,1,0,0
2018-12-26,33.18232038330,1,0,0
2019-07-24,135.07144424400,1,0,0
2019-09-23,30.29243686490,1,0,0
2018-07-24,99.54458756300,1,0,0
2018-05-23,27.57537373360,1,0,0
2018-07-24,113.56319279800,1,0,0
2018-07-24,75.69491797080,1,0,0
2018-05-23,83.66653388960,0,0,1
2018-07-24,40.16497762060,0,0,1
2018-02-28,96.20409573300,1,0,0
2018-02-28,66.78806197800,0,0,1
2018-08-27,27.70138067880,1,0,0
2018-11-26,37.73715632650,1,0,0
2019-02-25,38.82033982560,1,0,0
2019-01-28,168.96485527600,1,0,0
2019-11-28,101.87631646700,0,0,1
2019-09-23,192.82521217500,1,0,0
2019-09-23,93.75078768180,1,0,0
2018-05-23,161.59587547600,1,0,0
2018-08-27,33.85982006210,0,1,0
2018-08-27,29.86278102790,0,1,0
2018-08-27,35.85997975380,0,1,0
2018-08-27,36.64641350850,0,1,0
2018-11-26,14.40399753480,0,1,0
2018-05-23,32.45081150720,1,0,0
2018-05-23,18.44904817770,0,1,0
2018-05-23,74.67685260640,1,0,0
2018-07-24,30.78659128670,0,1,0
2019-07-24,36.12180696870,1,0,0
2019-03-25,23.61813937240,1,0,0
2019-03-25,39.64254499260,0,1,0
2019-09-23,40.61612112380,1,0,0
2019-10-17,45.95265358730,1,0,0
2018-07-24,137.50145520900,1,0,0
2018-02-28,26.73650405440,0,0,1
2018-11-26,119.58976132600,1,0,0
2019-06-27,82.86228587570,0,1,0
2019-06-27,44.72142067540,0,1,0
2018-07-24,29.13973239120,1,0,0
2018-08-27,25.23005841860,0,1,0
2018-07-24,152.38946343700,1,0,0
2018-04-04,54.40710650130,1,0,0
2018-07-24,28.67407203310,0,1,0
2018-07-24,25.73736648090,0,1,0
2019-04-24,29.39243448700,0,1,0
2019-09-23,21.89766176660,0,0,1
2019-11-28,12.40971987950,0,0,1
2018-07-24,108.78926959100,1,0,0
2018-08-27,17.30690308470,1,0,0
2019-09-23,21.64219079900,0,1,0
2019-09-23,31.73248566420,1,0,0
2018-08-27,85.03761639490,1,0,0
2018-08-27,65.20116711360,1,0,0
2018-10-26,44.81064847110,1,0,0
2019-11-28,34.68167193570,0,0,1
2019-11-28,23.50439807560,0,0,1
2018-08-27,66.39383612020,1,0,0
2018-08-27,56.86673297410,1,0,0
2019-09-23,33.27171975570,1,0,0
2019-08-28,23.43015147150,1,0,0
2018-05-23,7.45893468606,1,0,0
2019-07-24,34.89203858480,0,1,0
2019-07-24,30.72177805370,1,0,0
2019-09-23,20.64376983370,0,1,0
2018-02-28,42.59317596510,0,0,1
2018-07-24,32.16448655250,1,0,0
2018-07-24,21.54688566470,1,0,0
2019-07-24,34.41576633540,0,0,1
2019-07-24,17.58548901980,0,1,0
2019-09-23,56.56283650960,1,0,0
2019-09-23,9.19580692387,0,1,0
2018-07-24,26.69012687050,0,1,0
2018-05-23,34.92526904390,1,0,0
2018-05-23,13.69864413970,0,1,0
2019-09-23,7.62210305291,0,1,0
2018-02-28,93.13179197030,1,0,0
2018-04-04,26.80293625320,1,0,0
2018-08-27,71.20619918860,1,0,0
2018-12-26,28.62488902050,1,0,0
2019-08-28,132.89134814800,1,0,0
2018-02-28,17.44261961760,1,0,0
2019-01-28,23.59800853110,1,0,0
2019-04-24,53.39099387990,0,0,1
2019-09-23,93.19930339190,0,1,0
2019-09-23,42.73964992570,0,1,0
2019-09-23,3.12360615429,0,1,0
2018-02-28,39.53993302330,1,0,0
2018-05-23,37.51967629460,1,0,0
2019-07-24,26.32351325030,1,0,0
2019-08-28,85.43530226500,1,0,0
2018-07-24,37.31960744850,1,0,0
2018-12-26,56.80391324150,1,0,0
2019-07-24,42.72519813540,1,0,0
2019-11-28,11.51814618680,0,1,0
2019-09-23,27.82984224820,1,0,0
2019-10-17,66.90093832060,0,1,0
2019-09-23,33.76630026290,0,1,0
2018-07-24,159.73312374100,1,0,0
2018-04-04,139.16844292200,1,0,0
2018-07-24,31.85251848520,1,0,0
2018-08-27,89.23925548390,1,0,0
2018-08-27,34.71639689830,0,1,0
2018-10-26,40.28950307060,1,0,0
2018-07-24,25.67769473120,1,0,0
2018-07-24,16.95931933220,1,0,0
2018-08-27,16.19346876820,1,0,0
2019-06-27,36.46400661840,1,0,0
2019-07-24,23.11773299930,1,0,0
2019-04-24,5.80943051435,1,0,0
2019-05-31,45.25658693390,1,0,0
2019-09-23,366.74372401900,1,0,0
2019-09-23,15.39699896580,0,1,0
2019-11-28,26.75548402640,1,0,0
2019-09-23,30.90189182290,1,0,0
2018-07-24,282.80758824000,1,0,0
2018-07-24,44.20331263150,1,0,0
2018-05-23,65.68566656140,0,1,0
2018-02-28,63.35954132210,1,0,0
2019-02-25,42.00694055590,1,0,0
2019-09-23,33.42238463940,1,0,0
2019-09-23,15.69712178070,0,1,0
2018-04-04,177.28021897100,1,0,0
2018-07-24,97.72125101040,1,0,0
2018-07-24,26.77743542950,1,0,0
2018-12-26,35.59930008780,0,1,0
2019-08-28,40.86191250970,0,1,0
2019-08-28,32.72445193080,0,1,0
2018-07-24,69.73072008420,1,0,0
2018-07-24,132.79428207500,1,0,0
2018-05-23,12.72102385230,1,0,0
2018-12-26,26.59977133370,0,1,0
2019-10-17,87.72351055960,1,0,0
2019-09-23,7.29448142699,0,1,0
2018-05-23,24.21991890970,0,1,0
2018-07-24,18.15305311690,0,0,1
2018-08-27,32.46814289600,1,0,0
2018-11-26,17.86657918720,0,1,0
2019-04-24,46.31038954910,1,0,0
2019-11-28,28.91750855690,0,1,0
2018-07-24,50.64529966940,1,0,0
2018-02-28,50.87338950180,1,0,0
2018-07-24,30.12140637500,0,1,0
2018-07-24,50.73291650530,0,1,0
2018-07-24,21.32760761830,0,1,0
2018-08-27,81.02164583420,0,1,0
2018-08-27,49.52796341340,0,1,0
2018-10-26,17.19527623690,0,1,0
2018-11-26,19.80587657400,0,1,0
2018-12-26,13.95358348790,0,1,0
2019-05-31,117.57138131500,1,0,0
2018-07-24,167.67523741700,1,0,0
2019-06-27,188.73845121300,1,0,0
2019-09-23,248.84573195200,1,0,0
2019-11-28,25.55458407710,0,1,0
2019-09-23,13.96972432150,0,1,0
2019-09-23,25.18577585920,0,1,0
2018-10-26,71.03922036850,1,0,0
2018-02-28,112.76710191300,1,0,0
2018-02-28,46.47014319540,1,0,0
2018-02-28,112.91013370400,0,0,1
2018-08-27,8.18625539926,0,1,0
2018-10-26,90.66365029690,1,0,0
2019-09-23,19.88247229870,0,1,0
2019-11-28,47.59827917800,0,1,0
2018-07-24,181.78084919000,1,0,0
2018-07-24,56.81550056310,0,1,0
2019-02-25,82.88052568020,0,1,0
2019-06-27,67.73124942680,0,1,0
2019-09-23,7.87928052327,0,1,0
2018-07-24,31.19255732770,0,1,0
2018-02-28,20.48903307570,0,1,0
2018-04-04,59.67586878610,0,1,0
2018-10-26,118.26112614900,0,1,0
2019-01-28,39.35260073250,0,1,0
2019-05-31,27.28349363100,0,1,0
2019-09-23,22.85146767150,0,1,0
2019-03-25,16.28327592850,0,1,0
2018-08-27,36.70106829450,0,1,0
2019-09-23,46.77445917790,1,0,0
2018-05-23,13.76430844560,0,1,0
2018-05-23,4.15058946831,0,1,0
2019-05-31,15.79723727530,0,1,0
2018-07-24,80.24231065120,0,1,0
2019-05-31,55.20882983550,1,0,0
2019-04-24,7.85091192784,0,1,0
2019-09-23,39.76622992670,0,1,0
2019-09-23,27.03217972120,1,0,0
2018-02-28,61.12108202630,1,0,0
2018-02-28,42.85063159110,0,1,0
2018-07-24,35.01978731260,0,0,1
2018-07-24,53.69666876790,0,0,1
2018-07-24,18.91703549080,0,1,0
2018-08-27,60.87104396610,1,0,0
2019-06-27,255.04723869700,1,0,0
2018-07-24,67.82287656500,1,0,0
2018-10-26,51.86457706150,1,0,0
2019-06-27,41.53543930760,1,0,0
2019-09-23,398.86794961800,1,0,0
2019-11-28,14.68175228710,0,1,0
2019-10-17,12.28740350640,0,1,0
2018-07-24,38.86852742410,1,0,0
2018-08-27,116.41376223600,1,0,0
2018-08-27,13.30647822700,0,1,0
2018-10-26,30.82222090880,1,0,0
2018-10-26,16.68846535400,1,0,0
2019-03-25,8.88828501690,0,1,0
2019-05-31,11.72227348930,0,1,0
2019-03-25,15.89690166880,0,1,0
2019-09-23,43.37056385540,1,0,0
2019-09-23,82.40917242540,0,1,0
2019-09-23,22.01332171760,0,1,0
2019-09-23,189.77416068200,1,0,0
2019-09-23,101.56308730600,1,0,0
2019-09-23,42.88357274690,1,0,0
2019-09-23,54.61373983920,1,0,0
2018-07-24,23.81445985490,0,1,0
2018-07-24,40.73838896030,1,0,0
2018-05-23,14.86758125880,1,0,0
2019-05-31,135.95790437300,1,0,0
2019-03-25,38.76312540760,0,1,0
2019-10-17,99.41260129080,1,0,0
2019-08-28,23.51698689080,1,0,0
2019-09-23,21.72878444510,0,1,0
2019-09-23,29.66515790260,1,0,0
2019-09-23,2.21774637323,0,1,0
2018-05-23,44.74125754890,1,0,0
2018-07-24,17.14075504120,1,0,0
2018-04-04,48.34528463160,1,0,0
2018-07-24,20.44215466880,0,1,0
2018-02-28,12.50610344210,0,1,0
2018-07-24,5.90461109801,1,0,0
2018-08-27,33.71577342820,0,1,0
2019-09-23,24.67542808950,0,1,0
2018-07-24,44.61738110470,0,1,0
2018-07-24,26.82304663540,0,1,0
2018-07-24,14.75972005890,0,1,0
2018-12-26,28.83443349510,0,1,0
2019-04-24,55.84679694710,1,0,0
2019-09-23,13.45497476010,0,1,0
2019-08-28,7.69478859834,0,1,0
2018-07-24,29.20469382540,0,0,1
2018-08-27,79.53021119660,1,0,0
2019-06-27,167.59780429100,0,0,1
2019-06-27,82.06756722620,0,0,1
2019-09-23,135.65690199500,0,0,1
2019-09-23,58.95138013090,0,0,1
2019-09-23,56.57851876650,0,1,0
2019-10-17,23.08845353610,0,1,0
2019-08-28,9.11544138720,0,1,0
2018-10-26,15.28222494630,0,1,0
2018-05-23,25.31635510040,0,1,0
2019-10-17,13.52678427620,0,1,0
2018-08-27,27.67843550140,0,1,0
